# ************************************************************
# Sequel Ace SQL dump
# Version 20080
#
# https://sequel-ace.com/
# https://github.com/Sequel-Ace/Sequel-Ace
#
# Host: 127.0.0.1 (MySQL 11.5.2-MariaDB)
# Database: innovate
# Generation Time: 2025-02-17 11:30:25 +0000
# ************************************************************


/*!40101 SET @OLD_CHARACTER_SET_CLIENT=@@CHARACTER_SET_CLIENT */;
/*!40101 SET @OLD_CHARACTER_SET_RESULTS=@@CHARACTER_SET_RESULTS */;
/*!40101 SET @OLD_COLLATION_CONNECTION=@@COLLATION_CONNECTION */;
SET NAMES utf8mb4;
/*!40014 SET @OLD_FOREIGN_KEY_CHECKS=@@FOREIGN_KEY_CHECKS, FOREIGN_KEY_CHECKS=0 */;
/*!40101 SET @OLD_SQL_MODE='NO_AUTO_VALUE_ON_ZERO', SQL_MODE='NO_AUTO_VALUE_ON_ZERO' */;
/*!40111 SET @OLD_SQL_NOTES=@@SQL_NOTES, SQL_NOTES=0 */;


# Dump of table refresh_tokens
# ------------------------------------------------------------

DROP TABLE IF EXISTS `refresh_tokens`;

CREATE TABLE `refresh_tokens` (
  `id` int(10) unsigned NOT NULL AUTO_INCREMENT,
  `user_id` varchar(26) DEFAULT NULL,
  `token` text NOT NULL,
  `device_info` varchar(255) DEFAULT NULL,
  `created_at` timestamp NULL DEFAULT current_timestamp(),
  `ip_address` varchar(100) DEFAULT NULL,
  `expires_at` timestamp NULL DEFAULT NULL,
  PRIMARY KEY (`id`),
  UNIQUE KEY `refresh_tokens_token_unique` (`token`) USING HASH,
  KEY `refresh_tokens_user_id_foreign` (`user_id`),
  CONSTRAINT `refresh_tokens_user_id_foreign` FOREIGN KEY (`user_id`) REFERENCES `users` (`id`) ON DELETE CASCADE
) ENGINE=InnoDB DEFAULT CHARSET=utf8mb4 COLLATE=utf8mb4_general_ci;

LOCK TABLES `refresh_tokens` WRITE;
/*!40000 ALTER TABLE `refresh_tokens` DISABLE KEYS */;

INSERT INTO `refresh_tokens` (`id`, `user_id`, `token`, `device_info`, `created_at`, `ip_address`, `expires_at`)
VALUES
	(1,'01JKVNMCK1DT5CGPNK9SH327DJ','eyJhbGciOiJIUzI1NiIsInR5cCI6IkpXVCJ9.eyJpZCI6IjAxSktWTk1DSzFEVDVDR1BOSzlTSDMyN0RKIiwiaWF0IjoxNzM5MzI1ODkyLCJleHAiOjE3NDAxODk4OTJ9.woS8T6CRd1q_MsIKcGAbstWK3irGTBKeI74ZZba2764','Apple Mac - Chrome','2025-02-12 02:04:52',NULL,'2025-02-22 02:04:52'),
	(2,'01JKVNMCK1DT5CGPNK9SH327DJ','eyJhbGciOiJIUzI1NiIsInR5cCI6IkpXVCJ9.eyJpZCI6IjAxSktWTk1DSzFEVDVDR1BOSzlTSDMyN0RKIiwiaWF0IjoxNzM5NTUzNjcyLCJleHAiOjE3NDA0MTc2NzJ9.2e6wmOeIpcu07dfEABe2hF4DtBJ3SPBh2ThahSpdV00','Apple Mac - Chrome','2025-02-14 17:21:12',NULL,'2025-02-24 17:21:12'),
	(3,'01JKVNMCK1DT5CGPNK9SH327DJ','eyJhbGciOiJIUzI1NiIsInR5cCI6IkpXVCJ9.eyJpZCI6IjAxSktWTk1DSzFEVDVDR1BOSzlTSDMyN0RKIiwiaWF0IjoxNzM5NTUzNjg1LCJleHAiOjE3NDA0MTc2ODV9.hLE7HywxJh7bRe1q1ucsQ6s7L_fvT_GKrkEeGbE2Kpw','Apple Mac - Chrome','2025-02-14 17:21:25',NULL,'2025-02-24 17:21:25'),
	(4,'01JKVNMCK1DT5CGPNK9SH327DJ','eyJhbGciOiJIUzI1NiIsInR5cCI6IkpXVCJ9.eyJpZCI6IjAxSktWTk1DSzFEVDVDR1BOSzlTSDMyN0RKIiwiaWF0IjoxNzM5NTUzNzM5LCJleHAiOjE3NDA0MTc3Mzl9.EZqkbb1GiGuIfX4oEZHE7YqH1zO6zfLRta2oIYz3To4','Apple Mac - Chrome','2025-02-14 17:22:19',NULL,'2025-02-24 17:22:19'),
	(5,'01JKVNMCK1DT5CGPNK9SH327DJ','eyJhbGciOiJIUzI1NiIsInR5cCI6IkpXVCJ9.eyJpZCI6IjAxSktWTk1DSzFEVDVDR1BOSzlTSDMyN0RKIiwiaWF0IjoxNzM5NTU0MzkyLCJleHAiOjE3NDA0MTgzOTJ9.mZHq8gQ4NMjpAKGlUNB8wU9gCOdpaFad84SrGJhvFII','Apple Mac - Chrome','2025-02-14 17:33:12',NULL,'2025-02-24 17:33:12'),
	(6,'01JKVNMCK1DT5CGPNK9SH327DJ','eyJhbGciOiJIUzI1NiIsInR5cCI6IkpXVCJ9.eyJpZCI6IjAxSktWTk1DSzFEVDVDR1BOSzlTSDMyN0RKIiwiaWF0IjoxNzM5NTU0NTgzLCJleHAiOjE3NDA0MTg1ODN9.tFMb4NIE-8IcuPekIW2BegnYsZH0XIAeOmKtN8aTDrw','Apple Mac - Chrome','2025-02-14 17:36:23',NULL,'2025-02-24 17:36:23'),
	(7,'01JKVNMCK1DT5CGPNK9SH327DJ','eyJhbGciOiJIUzI1NiIsInR5cCI6IkpXVCJ9.eyJpZCI6IjAxSktWTk1DSzFEVDVDR1BOSzlTSDMyN0RKIiwiaWF0IjoxNzM5NjI0NDY0LCJleHAiOjE3NDA0ODg0NjR9.q9RAd9jaKzPtDZlkypaqJKApvMvy0nS636iq4hiXMtQ','Apple Mac - Chrome','2025-02-15 13:01:04',NULL,'2025-02-25 13:01:04'),
	(15,'01JKVNMCK1DT5CGPNK9SH327DJ','eyJhbGciOiJIUzI1NiIsInR5cCI6IkpXVCJ9.eyJpZCI6IjAxSktWTk1DSzFEVDVDR1BOSzlTSDMyN0RKIiwiaWF0IjoxNzM5NjM5MzYzLCJleHAiOjE3NDA1MDMzNjN9.GRxj1-DPbk1HJ88r9jzzVCPBmT2sb_qWMWo5Ao_s1ak','Apple Mac - Chrome','2025-02-15 17:09:23',NULL,'2025-02-25 17:09:23'),
	(16,'01JKVNMCK1DT5CGPNK9SH327DJ','eyJhbGciOiJIUzI1NiIsInR5cCI6IkpXVCJ9.eyJpZCI6IjAxSktWTk1DSzFEVDVDR1BOSzlTSDMyN0RKIiwiaWF0IjoxNzM5NjM5MzgzLCJleHAiOjE3NDA1MDMzODN9.9bxvihaCn-Br_5Bg3jp_LF2kb8hgTMETvz9yarLscRM','Apple Mac - Chrome','2025-02-15 17:09:43',NULL,'2025-02-25 17:09:43'),
	(17,'01JKVNMCK1DT5CGPNK9SH327DJ','eyJhbGciOiJIUzI1NiIsInR5cCI6IkpXVCJ9.eyJpZCI6IjAxSktWTk1DSzFEVDVDR1BOSzlTSDMyN0RKIiwiaWF0IjoxNzM5NjM5NjQ2LCJleHAiOjE3NDA1MDM2NDZ9.zxcIFUdtBlgRb5eqcRhZd21UHDoblNsehxC2Gntt-8k','Apple Mac - Chrome','2025-02-15 17:14:06',NULL,'2025-02-25 17:14:06'),
	(18,'01JKVNMCK1DT5CGPNK9SH327DJ','eyJhbGciOiJIUzI1NiIsInR5cCI6IkpXVCJ9.eyJpZCI6IjAxSktWTk1DSzFEVDVDR1BOSzlTSDMyN0RKIiwiaWF0IjoxNzM5NjM5NjQ4LCJleHAiOjE3NDA1MDM2NDh9.DoYPmYNdI-jcJfizo8wTKo5Di77vP8PKLDXJTTP7-Jo','Apple Mac - Chrome','2025-02-15 17:14:08',NULL,'2025-02-25 17:14:08'),
	(19,'01JKVNMCK1DT5CGPNK9SH327DJ','eyJhbGciOiJIUzI1NiIsInR5cCI6IkpXVCJ9.eyJpZCI6IjAxSktWTk1DSzFEVDVDR1BOSzlTSDMyN0RKIiwiaWF0IjoxNzM5NjUxMjM5LCJleHAiOjE3NDA1MTUyMzl9.svrCPvXvKelOYQjP3K4Bz_BvOwhS3lCP0QcOPncruUA','Apple Mac - Chrome','2025-02-15 20:27:19',NULL,'2025-02-25 20:27:19'),
	(20,'01JKVNMCK1DT5CGPNK9SH327DJ','eyJhbGciOiJIUzI1NiIsInR5cCI6IkpXVCJ9.eyJpZCI6IjAxSktWTk1DSzFEVDVDR1BOSzlTSDMyN0RKIiwiaWF0IjoxNzM5NjUxMjQwLCJleHAiOjE3NDA1MTUyNDB9.Udcxn36TVRQMCbc3xrmoD76VbZCixf5EW_AAawcGQXU','Apple Mac - Chrome','2025-02-15 20:27:20',NULL,'2025-02-25 20:27:20'),
	(21,'01JKVNMCK1DT5CGPNK9SH327DJ','eyJhbGciOiJIUzI1NiIsInR5cCI6IkpXVCJ9.eyJpZCI6IjAxSktWTk1DSzFEVDVDR1BOSzlTSDMyN0RKIiwiaWF0IjoxNzM5NjUxMzAzLCJleHAiOjE3NDA1MTUzMDN9.O3lwnoVs0e-Pwok8uujE58rXvH4MwcgeiF-JnXfSYGA','Apple Mac - Chrome','2025-02-15 20:28:23',NULL,'2025-02-25 20:28:23'),
	(22,'01JKVNMCK1DT5CGPNK9SH327DJ','eyJhbGciOiJIUzI1NiIsInR5cCI6IkpXVCJ9.eyJpZCI6IjAxSktWTk1DSzFEVDVDR1BOSzlTSDMyN0RKIiwiaWF0IjoxNzM5NjUxMzYwLCJleHAiOjE3NDA1MTUzNjB9.8stnNgax7jQxOBLRjtO7GjdRkkI7DS2n9-LH0cwmnHY','Apple Mac - Chrome','2025-02-15 20:29:20',NULL,'2025-02-25 20:29:20'),
	(23,'01JM7CP2F09155GNSDN27PE2C7','eyJhbGciOiJIUzI1NiIsInR5cCI6IkpXVCJ9.eyJpZCI6IjAxSk03Q1AyRjA5MTU1R05TRE4yN1BFMkM3IiwiaWF0IjoxNzM5NzA5OTQyLCJleHAiOjE3NDA1NzM5NDJ9.31D0FGvtJw2otnMfFyT8IVdx8TQBNufU_0Ld9QUQ1GI','Apple Mac - Chrome','2025-02-16 12:45:42',NULL,'2025-02-26 12:45:42'),
	(24,'01JM7CP2F09155GNSDN27PE2C7','eyJhbGciOiJIUzI1NiIsInR5cCI6IkpXVCJ9.eyJpZCI6IjAxSk03Q1AyRjA5MTU1R05TRE4yN1BFMkM3IiwiaWF0IjoxNzM5NzE3MTYxLCJleHAiOjE3NDA1ODExNjF9.lej_qOp_DKXWWw4aMUq58ngQejsNcUsOQhVAHfcuQlc','Apple Mac - Chrome','2025-02-16 14:46:01',NULL,'2025-02-26 14:46:01'),
	(25,'01JKVNMCK1DT5CGPNK9SH327DJ','eyJhbGciOiJIUzI1NiIsInR5cCI6IkpXVCJ9.eyJpZCI6IjAxSktWTk1DSzFEVDVDR1BOSzlTSDMyN0RKIiwiaWF0IjoxNzM5NzE3NjY1LCJleHAiOjE3NDA1ODE2NjV9.n-Fh6v7TlWMV6fT4oD5_HM68ZKNJnbs8kur7pEjfRiY','Apple Mac - Chrome','2025-02-16 14:54:25',NULL,'2025-02-26 14:54:25'),
	(27,'01JKVNMCK1DT5CGPNK9SH327DJ','eyJhbGciOiJIUzI1NiIsInR5cCI6IkpXVCJ9.eyJpZCI6IjAxSktWTk1DSzFEVDVDR1BOSzlTSDMyN0RKIiwiaWF0IjoxNzM5NzE3ODQ5LCJleHAiOjE3NDA1ODE4NDl9.YpmYJ8AIRJBcKuIMN7qXhjouD3i2lp_1oWRYZknBzoE','Apple Mac - Chrome','2025-02-16 14:57:29',NULL,'2025-02-26 14:57:29'),
	(28,'01JKVNMCK1DT5CGPNK9SH327DJ','eyJhbGciOiJIUzI1NiIsInR5cCI6IkpXVCJ9.eyJpZCI6IjAxSktWTk1DSzFEVDVDR1BOSzlTSDMyN0RKIiwiaWF0IjoxNzM5NzE3OTk0LCJleHAiOjE3NDA1ODE5OTR9.cdrAT-iPq1opVo6okhQZjHmtchvEujuvNZrC2-tkY34','Apple Mac - Chrome','2025-02-16 14:59:54',NULL,'2025-02-26 14:59:54'),
	(29,'01JKVNMCK1DT5CGPNK9SH327DJ','eyJhbGciOiJIUzI1NiIsInR5cCI6IkpXVCJ9.eyJpZCI6IjAxSktWTk1DSzFEVDVDR1BOSzlTSDMyN0RKIiwiaWF0IjoxNzM5NzE4MDYyLCJleHAiOjE3NDA1ODIwNjJ9.gxu23CB7aVSIIQardZHM5-s2O6jrDS05-X65iUawqXk','Apple Mac - Chrome','2025-02-16 15:01:02',NULL,'2025-02-26 15:01:02'),
	(30,'01JKVNMCK1DT5CGPNK9SH327DJ','eyJhbGciOiJIUzI1NiIsInR5cCI6IkpXVCJ9.eyJpZCI6IjAxSktWTk1DSzFEVDVDR1BOSzlTSDMyN0RKIiwiaWF0IjoxNzM5NzE4MzUxLCJleHAiOjE3NDA1ODIzNTF9.FEYGjSsZwWeI6qkya_A4pW3frHLno-Gl322LDIfS3l4','Apple Mac - Chrome','2025-02-16 15:05:51',NULL,'2025-02-26 15:05:51'),
	(31,'01JM7MVXE9YB35E84PZBKC8Z53','eyJhbGciOiJIUzI1NiIsInR5cCI6IkpXVCJ9.eyJpZCI6IjAxSk03TVZYRTlZQjM1RTg0UFpCS0M4WjUzIiwiaWF0IjoxNzM5NzE4NTIyLCJleHAiOjE3NDA1ODI1MjJ9.fO4B262vsQs4EdMKI-8F-H2OPi2LKH3cX5e_mxZBS_M','Apple Mac - Chrome','2025-02-16 15:08:42',NULL,'2025-02-26 15:08:42'),
	(32,'01JM7MVXE9YB35E84PZBKC8Z53','eyJhbGciOiJIUzI1NiIsInR5cCI6IkpXVCJ9.eyJpZCI6IjAxSk03TVZYRTlZQjM1RTg0UFpCS0M4WjUzIiwiaWF0IjoxNzM5NzIwMTA1LCJleHAiOjE3NDA1ODQxMDV9.1j2a73zCJrdT5AQS6soHgaCi9BSMJncUNx3wkE4OtK8','Apple Mac - Chrome','2025-02-16 15:35:05',NULL,'2025-02-26 15:35:05'),
	(33,'01JM7PK31VWDYBP1R9PYS4APQW','eyJhbGciOiJIUzI1NiIsInR5cCI6IkpXVCJ9.eyJpZCI6IjAxSk03UEszMVZXRFlCUDFSOVBZUzRBUFFXIiwiaWF0IjoxNzM5NzIwMzMwLCJleHAiOjE3NDA1ODQzMzB9.XQbmFIQIrM_fVyUELAvzeD4O5y656i-JBM3eODQdr2o','Apple Mac - Chrome','2025-02-16 15:38:50',NULL,'2025-02-26 15:38:50'),
	(34,'01JM7PK31VWDYBP1R9PYS4APQW','eyJhbGciOiJIUzI1NiIsInR5cCI6IkpXVCJ9.eyJpZCI6IjAxSk03UEszMVZXRFlCUDFSOVBZUzRBUFFXIiwiaWF0IjoxNzM5NzIwMzg0LCJleHAiOjE3NDA1ODQzODR9.qslW1JMqE1i-EgxqK4ovQPm3qhsUSUVx8c_Gp6v5eGs','Apple Mac - Chrome','2025-02-16 15:39:44',NULL,'2025-02-26 15:39:44');

/*!40000 ALTER TABLE `refresh_tokens` ENABLE KEYS */;
UNLOCK TABLES;


# Dump of table users
# ------------------------------------------------------------

DROP TABLE IF EXISTS `users`;

CREATE TABLE `users` (
  `id` char(26) NOT NULL,
  `name` varchar(150) DEFAULT NULL,
  `email` varchar(150) DEFAULT NULL,
  `password` varchar(255) DEFAULT NULL,
  `created` timestamp NULL DEFAULT current_timestamp(),
  `updates` datetime DEFAULT NULL ON UPDATE current_timestamp(),
  PRIMARY KEY (`id`),
  UNIQUE KEY `email` (`email`)
) ENGINE=InnoDB DEFAULT CHARSET=utf8mb4 COLLATE=utf8mb4_general_ci;

LOCK TABLES `users` WRITE;
/*!40000 ALTER TABLE `users` DISABLE KEYS */;

INSERT INTO `users` (`id`, `name`, `email`, `password`, `created`, `updates`)
VALUES
	('01JKVNMCK1DT5CGPNK9SH327DJ','Steve','steve@newicon.net','$2a$10$oO8gLW0ahZcj5s1Fez/gROWype5SQB3/C/9BwvDHqDoN7peGtMvbS','2025-02-11 23:31:11','2025-02-11 23:31:11'),
	('01JKVPAMZ5PWBSZCRC23BP0JAH','steve','steve+test@newicon.net','$2a$10$CHVcEQp4hpryTG5Tc3Ylw.L8.m0xJ23FidGgpX/wNUWl5F1aF16Ru','2025-02-11 23:43:20','2025-02-11 23:43:20'),
	('01JM4Y5A0VVMY86ZKCKXWXS9X2','Steve','steve@newicon.je','$2a$10$djyB0IYwlJFFPGfCg1XueehjXO7l0bXEALulgGue8IalmQZgjfXfa','2025-02-15 13:53:24',NULL),
	('01JM4Z2EZEPHQNE7XR2V4YPCEH','Steve','steve@newicon.nd','$2a$10$EJCKzPVHzjBBsNI4sWz.R.Go7ZlccIeSmsPoui1nxmpC1sK2nJI2C','2025-02-15 14:09:19',NULL),
	('01JM56PSF8TH2R6EJ77K5E759R','John Doe','john.doeexample.com',NULL,'2025-02-15 16:22:45',NULL),
	('01JM57MZEMJVBKT6S3W3EVMV3X','Steve','steve@newicon.netd','$2a$10$1hCFA2LyroNs2p3ID5PjAupoKtdybS52hFNoHqUySqaBtzXzvUESe','2025-02-15 16:39:14',NULL),
	('01JM58809KD4KEKB4PQ8AGP479','ew','wge@jfe.c','$2a$10$1kfZus43Db5mT8t1fuaQYO3L0it02rF1yGfE1uonJWRPhH5rVyWmG','2025-02-15 16:49:38',NULL),
	('01JM596CBQPA4D7HJ6RF122HKA','ewwerfwerf','wge@jfe.cd','$2a$10$H7lSAw0kBiUxSy4SIO9HLuFAX5vdO4IetWfOMnyQsX/kXcv3FSimS','2025-02-15 17:06:13',NULL),
	('01JM7CP2F09155GNSDN27PE2C7','sfecw','sece@vnee.bet','$2a$10$L0qnSxsE9h1SpqFpHe.ld.B6IDzCXPoLtRvb5u6sDqf8qA/bHngHe','2025-02-16 12:45:42',NULL),
	('01JM7MVXE9YB35E84PZBKC8Z53','Paul','paul@newicon.net','$2a$10$x6e6HPwWuCI1NecgMynAq.RZYbRR5Q8QgkGbtrYy9wG4RGLa8xhgu','2025-02-16 15:08:42',NULL),
	('01JM7PK31VWDYBP1R9PYS4APQW','Pete','pete@newicon.net','$2a$10$WoNxyP7lthXLftE6Q2o8ce/sFRJKQarKES8RAUPfiI.sVGgIkZgfK','2025-02-16 15:38:50',NULL);

/*!40000 ALTER TABLE `users` ENABLE KEYS */;
UNLOCK TABLES;


# Dump of table workshop_users
# ------------------------------------------------------------

DROP TABLE IF EXISTS `workshop_users`;

CREATE TABLE `workshop_users` (
  `user_id` char(26) NOT NULL,
  `workshop_id` char(10) NOT NULL,
  `status` varchar(255) DEFAULT NULL,
  `disconnected_at` datetime DEFAULT NULL,
  PRIMARY KEY (`user_id`,`workshop_id`),
  CONSTRAINT `workshop_users_ibfk_1` FOREIGN KEY (`user_id`) REFERENCES `users` (`id`)
) ENGINE=InnoDB DEFAULT CHARSET=utf8mb4 COLLATE=utf8mb4_general_ci;

LOCK TABLES `workshop_users` WRITE;
/*!40000 ALTER TABLE `workshop_users` DISABLE KEYS */;

INSERT INTO `workshop_users` (`user_id`, `workshop_id`, `status`, `disconnected_at`)
VALUES
	('01JKVNMCK1DT5CGPNK9SH327DJ','9g9x7pz2m2','connected','2025-02-17 01:10:09'),
	('01JKVNMCK1DT5CGPNK9SH327DJ','rk0lhy95qb','disconnected','2025-02-17 00:15:26'),
	('01JM7MVXE9YB35E84PZBKC8Z53','9g9x7pz2m2','connected','2025-02-17 01:01:36'),
	('01JM7PK31VWDYBP1R9PYS4APQW','9g9x7pz2m2','connected','2025-02-17 01:01:37');

/*!40000 ALTER TABLE `workshop_users` ENABLE KEYS */;
UNLOCK TABLES;


# Dump of table workshops
# ------------------------------------------------------------

DROP TABLE IF EXISTS `workshops`;

CREATE TABLE `workshops` (
  `id` char(10) CHARACTER SET utf8mb4 COLLATE utf8mb4_uca1400_ai_ci NOT NULL,
  `name` varchar(255) DEFAULT NULL,
  `created_by` varchar(26) DEFAULT NULL,
  `state` varchar(255) DEFAULT NULL,
  `data` longtext CHARACTER SET utf8mb4 COLLATE utf8mb4_bin DEFAULT NULL CHECK (json_valid(`data`)),
  `created_at` datetime DEFAULT current_timestamp(),
  `updated_at` datetime DEFAULT current_timestamp() ON UPDATE current_timestamp(),
  PRIMARY KEY (`id`),
  KEY `workshops_created_by_foreign` (`created_by`),
  CONSTRAINT `workshops_created_by_foreign` FOREIGN KEY (`created_by`) REFERENCES `users` (`id`)
) ENGINE=InnoDB DEFAULT CHARSET=utf8mb4 COLLATE=utf8mb4_general_ci;

LOCK TABLES `workshops` WRITE;
/*!40000 ALTER TABLE `workshops` DISABLE KEYS */;

INSERT INTO `workshops` (`id`, `name`, `created_by`, `state`, `data`, `created_at`, `updated_at`)
VALUES
	('9g9x7pz2m2','Innovation Session','01JKVNMCK1DT5CGPNK9SH327DJ','exploreProblems_start',NULL,'2025-02-16 15:05:55','2025-02-16 17:27:40');

/*!40000 ALTER TABLE `workshops` ENABLE KEYS */;
UNLOCK TABLES;



/*!40111 SET SQL_NOTES=@OLD_SQL_NOTES */;
/*!40101 SET SQL_MODE=@OLD_SQL_MODE */;
/*!40014 SET FOREIGN_KEY_CHECKS=@OLD_FOREIGN_KEY_CHECKS */;
/*!40101 SET CHARACTER_SET_CLIENT=@OLD_CHARACTER_SET_CLIENT */;
/*!40101 SET CHARACTER_SET_RESULTS=@OLD_CHARACTER_SET_RESULTS */;
/*!40101 SET COLLATION_CONNECTION=@OLD_COLLATION_CONNECTION */;
